topic,category,words,affiliate
"What Are Prediction Markets? Complete Beginner's Guide",beginners,2000,kalshi
"Kalshi Review 2026: Is It Worth It?",kalshi,2000,kalshi
"Polymarket Guide: How to Trade Crypto Prediction Markets",polymarket,2000,polymarket
"Kalshi vs Polymarket: Which Platform Should You Use?",beginners,1500,kalshi
"How to Trade Weather Markets on Kalshi",kalshi,1500,kalshi
"Understanding Event Contract Pricing and Probability",strategies,1500,
"Prediction Market Strategies: Finding Edge as a Retail Trader",strategies,1500,
"How to Use APIs for Automated Prediction Market Trading",strategies,1500,kalshi
"Best Prediction Market Platforms in 2026",beginners,1200,kalshi
"Prediction Markets vs Sports Betting: Key Differences",beginners,1200,
"5 Common Prediction Market Mistakes to Avoid",strategies,1200,
